Designator;Mid X;Mid Y;Rotation;Layer
C5;62,264285;-94,658;180;Bottom
C8;62,264285;-93,558;180;Bottom
C11;52,764285;-96,858;0;Bottom
C14;52,764285;-93,458;0;Bottom
C15;52,764285;-95,658;0;Bottom
C31;60,664285;-43,458;180;Bottom
C32;54,864285;-43,458;0;Bottom
C33;54,164285;-84,858;0;Bottom
C34;59,964285;-84,858;180;Bottom
C35;61,764285;-46,158;-90;Bottom
C36;54,064285;-46,058;-90;Bottom
C37;53,164285;-82,158;90;Bottom
C38;60,864285;-82,258;90;Bottom
C39;63,264285;-46,858;-90;Bottom
C40;52,564285;-46,658;-90;Bottom
C41;51,664285;-81,358;90;Bottom
C42;62,464285;-81,658;90;Bottom
C61;108,064285;-103,958;-90;Bottom
C62;97,564285;-108,758;180;Bottom
C63;97,564285;-110,358;180;Bottom
C66;107,164285;-118,258;-90;Bottom
C67;105,164285;-118,258;-90;Bottom
C68;102,164285;-118,258;-90;Bottom
C69;110,164285;-118,258;-90;Bottom
C70;25,014285;-99,408;90;Bottom
C71;33,764285;-104,358;90;Bottom
C72;36,614285;-98,458;0;Bottom
C89;97,964285;-79,958;-90;Bottom
C90;99,164285;-81,158;0;Bottom
C91;102,464285;-83,408;0;Bottom
C92;100,764285;-81,158;0;Bottom
C93;95,164285;-85,158;0;Bottom
C94;96,764285;-83,558;0;Bottom
C95;102,364285;-81,158;0;Bottom
C96;101,564285;-85,158;180;Bottom
C97;101,714285;-80,258;0;Bottom
C98;96,364285;-81,558;-90;Bottom
C99;100,364285;-79,958;-90;Bottom
C100;97,564285;-84,358;0;Bottom
C101;97,164285;-85,558;90;Bottom
C102;95,164285;-83,558;0;Bottom
C103;87,064285;-87,658;0;Bottom
C104;107,864285;-84,358;180;Bottom
C105;98,764285;-82,558;-90;Bottom
C106;107,864285;-83,358;180;Bottom
C107;100,864285;-82,858;180;Bottom
C108;98,764285;-79,858;-90;Bottom
C109;86,764285;-84,058;0;Bottom
C110;97,064285;-92,958;90;Bottom
C112;99,564285;-79,958;90;Bottom
C113;102,214285;-79,358;0;Bottom
C114;94,364285;-80,758;-45;Bottom
C115;96,364285;-79,958;-90;Bottom
C116;97,164285;-79,958;90;Bottom
C117;83,264285;-86,558;0;Bottom
C118;83,264285;-85,558;0;Bottom
C119;82,514285;-84,058;0;Bottom
C120;95,164285;-82,758;0;Bottom
C121;107,964285;-82,358;180;Bottom
C122;86,764285;-86,158;0;Bottom
C123;97,964285;-72,858;-90;Bottom
C124;105,064285;-85,358;90;Bottom
C125;91,264285;-77,058;0;Bottom
C126;91,564285;-78,005117;0;Bottom
C127;102,764285;-75,958;-90;Bottom
C128;100,364285;-76,658;-90;Bottom
C129;104,864285;-81,258;180;Bottom
C130;106,564285;-78,358;180;Bottom
C131;91,364285;-73,958;0;Bottom
C132;108,464285;-75,658;180;Bottom
C133;109,264285;-78,358;180;Bottom
C134;93,764285;-75,958;-90;Bottom
C135;97,164285;-77,558;-90;Bottom
C136;96,364285;-75,158;-90;Bottom
C137;93,564285;-81,958;180;Bottom
C138;91,571609;-79,009217;0;Bottom
C139;105,664285;-75,558;180;Bottom
C140;103,564285;-79,058;90;Bottom
C141;107,014285;-90,358;-90;Bottom
C142;107,864285;-85,358;0;Bottom
C143;101,164285;-88,958;90;Bottom
C144;105,164285;-89,958;180;Bottom
C145;106,764285;-86,358;180;Bottom
C146;103,564285;-82,758;90;Bottom
C147;102,664285;-84,758;-90;Bottom
C148;100,364285;-85,558;-90;Bottom
C149;105,064285;-87,458;90;Bottom
C150;95,164285;-81,958;180;Bottom
C151;100,264285;-93,258;90;Bottom
C152;101,664285;-96,458;90;Bottom
C153;102,664285;-96,358;90;Bottom
C154;99,954285;-81,958;0;Bottom
C155;97,564285;-81,958;0;Bottom
C156;85,864285;-82,558;0;Bottom
C157;93,164285;-86,358;-90;Bottom
C158;91,964285;-87,158;-45;Bottom
C159;94,764285;-86,358;-90;Bottom
C160;95,564285;-86,358;-90;Bottom
C161;89,864285;-86,658;0;Bottom
C162;89,864285;-87,858;0;Bottom
C163;94,964285;-89,758;-90;Bottom
C164;93,364285;-89,708;-90;Bottom
C165;95,364285;-87,958;-90;Bottom
C166;96,664285;-89,758;90;Bottom
C167;89,864285;-89,858;0;Bottom
C168;89,864285;-88,858;0;Bottom
C169;91,564285;-89,558;90;Bottom
C178;58,664285;-116,9955;-90;Bottom
C179;44,064285;-116,958;-90;Bottom
C186;76,714285;-100,758;0;Bottom
C229;109,964285;-100,258;180;Bottom
C230;105,264285;-101,158;180;Bottom
C231;103,864285;-100,858;90;Bottom
C232;103,964285;-102,558;90;Bottom
C233;104,764285;-103,358;90;Bottom
C234;103,864285;-104,808;90;Bottom
C235;110,364285;-105,658;-90;Bottom
C236;110,064285;-103,658;0;Bottom
C237;110,064285;-102,858;0;Bottom
C238;110,464285;-101,658;-90;Bottom
C239;104,264285;-106,058;0;Bottom
C240;104,564285;-107,358;-90;Bottom
C241;111,464285;-111,358;-90;Bottom
C242;110,564285;-111,358;-90;Bottom
C243;108,964285;-106,158;180;Bottom
C244;110,564285;-109,758;-90;Bottom
C245;103,664285;-110,558;90;Bottom
C246;103,664285;-112,258;90;Bottom
C249;107,864285;-108,958;-90;Bottom
C250;102,364285;-105,458;-90;Bottom
J9;57,664285;-64,258;90;Bottom
J11;57,664285;-57,128;0;Bottom
J13;57,664285;-71,383;0;Bottom
L6;59,364285;-45,958;-90;Bottom
L7;56,564285;-45,958;-90;Bottom
L8;55,564285;-82,358;90;Bottom
L9;58,464285;-82,358;90;Bottom
L11;105,564285;-94,058;90;Bottom
L15;99,381785;-96,458;0;Bottom
L16;97,364285;-82,758;0;Bottom
R1;92,964285;-101,758;180;Bottom
R2;95,514285;-104,223;90;Bottom
R10;65,064285;-97,058;180;Bottom
R11;65,064285;-96,058;180;Bottom
R13;65,064285;-98,058;180;Bottom
R15;65,064285;-99,058;0;Bottom
R16;65,064285;-95,058;180;Bottom
R17;65,064285;-94,058;180;Bottom
R50;105,764285;-115,158;-90;Bottom
R51;100,064285;-110,358;180;Bottom
R52;110,764285;-115,158;-90;Bottom
R53;100,064285;-111,358;180;Bottom
R54;109,764285;-115,158;-90;Bottom
R55;100,064285;-107,358;180;Bottom
R58;106,764285;-115,158;-90;Bottom
R62;104,764285;-115,158;-90;Bottom
R67;107,739285;-115,158;-90;Bottom
R68;103,764285;-115,158;-90;Bottom
R69;100,064285;-108,358;180;Bottom
R70;100,064285;-109,358;180;Bottom
R71;100,064285;-106,358;180;Bottom
R72;111,364285;-106,558;90;Bottom
R74;33,664285;-102,058;90;Bottom
R75;31,964285;-104,058;0;Bottom
R86;94,464285;-72,108;90;Bottom
R90;95,664285;-72,058;-90;Bottom
R91;41,464285;-116,558;-90;Bottom
R92;43,064285;-116,958;90;Bottom
R93;59,664285;-116,9955;90;Bottom
R94;63,014285;-117,008;180;Bottom
R95;62,864285;-105,5205;90;Bottom
R96;61,764285;-107,5205;90;Bottom
R97;60,764285;-107,5205;90;Bottom
R100;94,514285;-120,058;0;Bottom
R101;94,514285;-119,058;0;Bottom
R108;71,664285;-114,158;90;Bottom
R109;72,664285;-114,158;90;Bottom
R111;69,664285;-114,158;90;Bottom
R112;70,664285;-114,158;90;Bottom
R114;88,164285;-89,158;-90;Bottom
R142;94,514285;-104,223;-90;Bottom
R143;59,764285;-107,508;-90;Bottom
R144;60,564285;-119,358;-90;Bottom
R145;91,764285;-122,708;180;Bottom
R146;44,864285;-119,658;-90;Bottom
R153;108,764285;-115,158;-90;Bottom
R164;88,464285;-50,258;-90;Bottom
R165;89,464285;-50,258;-90;Bottom
R166;90,464285;-50,258;-90;Bottom
R168;107,414285;-106,658;90;Bottom
R169;93,564285;-117,958;0;Bottom
R170;76,664285;-50,058;-90;Bottom
R171;77,664285;-50,058;-90;Bottom
R172;78,664285;-50,058;-90;Bottom
R178;64,414285;-106,208;90;Bottom
R179;59,164285;-118,908;0;Bottom
R180;91,764285;-123,708;0;Bottom
R181;43,864285;-119,658;90;Bottom
U9;102,864285;-93,758;0;Bottom
U22;29,364285;-100,788;180;Bottom
Y1;77,214285;-103,208;180;Bottom
Y5;36,164285;-102,358;90;Bottom
A1;71,134285;-91,233;90;Top
B1;26,264285;-46,058;0;Top
B2;19,264285;-124,058;0;Top
B3;119,264285;-46,058;0;Top
B4;119,264285;-124,058;0;Top
C1;91,914285;-100,958;90;Top
C2;95,314285;-104,223;0;Top
C6;62,264285;-93,558;180;Top
C7;54,264285;-98,958;90;Top
C9;55,264285;-98,958;90;Top
C10;54,264285;-90,158;-90;Top
C12;61,064285;-97,358;90;Top
C13;56,264285;-90,158;-90;Top
C16;49,664285;-83,358;180;Top
C17;62,964285;-88,058;180;Top
C18;62,964285;-86,958;180;Top
C19;54,064285;-46,058;-90;Top
C20;52,564285;-46,658;-90;Top
C21;60,664285;-43,458;180;Top
C22;54,864285;-43,458;0;Top
C23;61,764285;-46,158;-90;Top
C24;63,264285;-46,858;-90;Top
C25;54,164285;-84,858;0;Top
C26;59,964285;-84,858;180;Top
C27;60,864285;-82,258;90;Top
C28;53,164285;-82,158;90;Top
C29;62,464285;-81,658;90;Top
C30;51,664285;-81,408;90;Top
C64;112,064285;-115,158;90;Top
C65;104,064285;-117,558;-90;Top
C73;44,364285;-99,458;90;Top
C74;43,864285;-111,758;180;Top
C75;38,264285;-111,758;180;Top
C76;40,364285;-99,458;-90;Top
C77;46,564285;-105,158;180;Top
C78;35,364285;-99,658;-90;Top
C79;46,564285;-107,658;180;Top
C80;33,564285;-108,158;0;Top
C81;24,864285;-98,858;0;Top
C82;33,964285;-99,158;-90;Top
C83;31,964285;-101,258;0;Top
C84;43,364285;-99,458;90;Top
C85;32,864285;-103,158;-90;Top
C86;33,864285;-103,158;-90;Top
C87;32,964285;-106,758;90;Top
C88;33,964285;-106,758;90;Top
C111;86,864285;-83,858;0;Top
C170;39,664285;-116,458;90;Top
C171;41,664285;-116,458;90;Top
C172;55,364285;-116,308;90;Top
C173;57,314285;-116,308;90;Top
C174;61,014285;-107,6205;0;Top
C175;60,264285;-119,558;0;Top
C176;44,564285;-119,658;0;Top
C177;58,064285;-104,458;90;Top
C180;91,864285;-122,558;-90;Top
C181;95,064285;-119,483;0;Top
C182;67,864285;-101,373;-90;Top
C183;68,864285;-101,373;-90;Top
C184;74,264285;-101,273;-90;Top
C185;81,494285;-108,243;180;Top
C187;84,094285;-108,243;0;Top
C188;78,514285;-99,558;0;Top
C189;84,694285;-102,393;90;Top
C190;89,594285;-102,393;90;Top
C191;81,694285;-112,443;-90;Top
C192;75,564285;-118,558;0;Top
C193;75,664285;-108,858;180;Top
C194;84,694285;-106,193;-90;Top
C195;72,214285;-118,583;180;Top
C196;79,994285;-104,743;90;Top
C197;93,714285;-106,358;0;Top
C198;84,264285;-65,858;90;Top
C199;77,964285;-117,758;-90;Top
C200;79,664285;-117,758;-90;Top
C201;77,464285;-109,958;90;Top
C202;71,164285;-114,158;-90;Top
C203;76,464285;-112,558;0;Top
C204;83,264285;-74,658;90;Top
C205;66,164285;-110,758;0;Top
C206;72,164285;-105,258;90;Top
C207;69,264285;-114,158;-90;Top
C208;75,764285;-109,958;0;Top
C209;70,364285;-105,258;90;Top
C210;73,664285;-114,058;-90;Top
C211;67,664285;-108,858;90;Top
C212;75,764285;-111,258;0;Top
C213;66,164285;-109,758;0;Top
C214;82,264285;-74,658;90;Top
C215;81,064285;-72,758;-90;Top
C216;79,164285;-72,958;0;Top
C217;78,864285;-67,658;0;Top
C218;86,064285;-91,483;0;Top
C219;84,064285;-91,483;180;Top
C220;101,114285;-45,42;0;Top
C221;78,276785;-45,42;0;Top
C222;90,176785;-45,408;0;Top
C223;111,464285;-126,358;180;Top
C224;111,464285;-121,258;180;Top
C225;102,164285;-124,008;90;Top
C226;111,464285;-123,358;180;Top
C227;97,889285;-62,323;-90;Top
C228;38,164285;-116,658;-90;Top
C247;53,164285;-87,258;90;Top
C248;84,539285;-63,733;-90;Top
D1;26,464285;-104,758;90;Top
D2;36,764285;-115,958;90;Top
D3;49,814285;-114,258;0;Top
J1;57,664285;-71,383;0;Top
J2;18,864285;-104,658;-90;Top
J3;42,664285;-89,258;90;Top
J4;125,139285;-126,383;180;Top
J5;125,139285;-103,523;180;Top
J6;125,139285;-80,663;180;Top
J7;125,139285;-57,803;180;Top
J8;57,664285;-64,258;-90;Top
J10;29,014285;-116,058;-90;Top
J12;57,664285;-57,128;0;Top
J14;32,439285;-122,768;90;Top
J15;55,299285;-122,768;90;Top
L1;62,364285;-90,758;90;Top
L2;56,564285;-45,958;-90;Top
L3;59,364285;-45,958;-90;Top
L4;58,464285;-82,358;90;Top
L5;55,564285;-82,358;90;Top
L10;31,864285;-103,158;-90;Top
L12;24,864285;-99,958;0;Top
L13;31,964285;-106,758;90;Top
L14;31,764285;-99,058;0;Top
L17;72,264285;-116,958;0;Top
L18;75,464285;-116,958;0;Top
L20;75,864285;-114,158;0;Top
LD1;23,514285;-124,083;-90;Top
LD2;57,364285;-110,558;90;Top
LD3;109,864285;-45,358;90;Top
LD4;114,514285;-45,243;90;Top
LD5;104,764285;-45,308;90;Top
Q1;111,014285;-49,308;90;Top
Q2;114,664285;-49,308;90;Top
Q3;107,514285;-49,308;90;Top
Q4;33,464285;-116,083;180;Top
R3;55,264285;-90,158;90;Top
R4;65,064285;-96,058;180;Top
R5;65,064285;-97,058;180;Top
R6;65,064285;-98,058;180;Top
R7;65,064285;-99,058;180;Top
R8;65,064285;-94,058;180;Top
R9;65,064285;-95,058;180;Top
R12;58,564285;-90,158;90;Top
R14;49,164285;-96,058;0;Top
R18;49,664285;-85,558;0;Top
R19;49,664285;-84,458;180;Top
R20;49,164285;-95,058;180;Top
R21;86,526785;-46,458;180;Top
R22;86,526785;-47,458;0;Top
R23;97,164285;-48,433;180;Top
R24;97,164285;-49,458;180;Top
R25;86,526785;-48,458;180;Top
R26;86,526785;-49,458;180;Top
R27;86,526785;-50,458;180;Top
R28;90,426785;-52,458;-90;Top
R29;91,426785;-52,458;90;Top
R30;97,164285;-50,458;180;Top
R31;100,014285;-52,333;-90;Top
R32;94,226785;-50,958;0;Top
R33;94,226785;-49,958;0;Top
R34;94,226785;-48,958;0;Top
R35;74,726785;-46,658;180;Top
R36;74,726785;-47,658;0;Top
R37;78,726785;-52,458;-90;Top
R38;79,826785;-52,458;90;Top
R39;101,414285;-52,333;-90;Top
R40;104,764285;-49,733;0;Top
R41;102,414285;-52,333;-90;Top
R42;104,764285;-48,733;0;Top
R43;74,726785;-48,658;180;Top
R44;82,426785;-51,058;0;Top
R45;74,726785;-49,658;180;Top
R46;82,426785;-50,058;0;Top
R47;74,726785;-50,658;180;Top
R48;82,426785;-49,058;0;Top
R49;106,064285;-115,158;-90;Top
R56;100,064285;-106,758;180;Top
R57;110,064285;-115,158;-90;Top
R59;104,064285;-115,158;-90;Top
R60;108,064285;-115,158;-90;Top
R61;111,064285;-115,158;-90;Top
R63;109,064285;-115,158;-90;Top
R64;103,064285;-115,158;-90;Top
R65;100,064285;-108,758;180;Top
R66;107,064285;-115,158;-90;Top
R73;101,164285;-97,158;180;Top
R76;36,424285;-99,408;90;Top
R77;37,524285;-99,408;90;Top
R78;33,564285;-104,658;0;Top
R79;33,564285;-109,158;180;Top
R80;25,494285;-107,458;0;Top
R81;27,394285;-102,058;0;Top
R82;25,464285;-108,558;0;Top
R83;25,364285;-102,058;180;Top
R84;97,864285;-64,958;-90;Top
R85;111,764285;-83,658;0;Top
R87;111,764285;-82,658;0;Top
R88;111,764285;-81,658;0;Top
R89;111,769285;-80,658;180;Top
R99;81,694285;-110,543;-90;Top
R102;84,694285;-104,343;-90;Top
R103;89,594285;-104,343;-90;Top
R104;77,414285;-106,858;180;Top
R105;67,664285;-112,058;90;Top
R106;74,164285;-105,258;-90;Top
R107;73,164285;-105,258;-90;Top
R110;72,664285;-114,158;90;Top
R113;83,264285;-72,758;-90;Top
R115;92,464285;-115,358;180;Top
R116;82,264285;-72,758;-90;Top
R117;84,914285;-69,408;0;Top
R118;66,164285;-108,758;180;Top
R119;66,164285;-111,758;180;Top
R120;81,264285;-74,658;90;Top
R121;84,264285;-74,658;90;Top
R122;97,164285;-47,358;180;Top
R123;76,964285;-65,958;0;Top
R124;76,964285;-66,958;0;Top
R125;75,064285;-66,958;0;Top
R126;75,064285;-65,958;180;Top
R127;75,064285;-64,458;0;Top
R128;75,064285;-63,458;180;Top
R129;76,964285;-63,458;0;Top
R130;76,964285;-64,458;0;Top
R131;75,064285;-61,558;0;Top
R132;75,064285;-60,558;180;Top
R133;76,964285;-60,558;0;Top
R134;76,964285;-61,558;0;Top
R135;75,064285;-58,658;0;Top
R136;75,064285;-57,658;180;Top
R137;76,964285;-57,658;0;Top
R138;76,964285;-58,658;0;Top
R139;94,264285;-64,958;-90;Top
R140;95,364285;-64,958;-90;Top
R141;92,464285;-64,958;90;Top
R147;25,964285;-123,658;-90;Top
R148;54,264285;-108,083;180;Top
R149;102,164285;-122,058;-90;Top
R150;111,064285;-124,758;-90;Top
R151;111,464285;-122,358;180;Top
R152;36,764285;-113,058;-90;Top
R154;49,464285;-108,158;0;Top
R155;108,464285;-44,958;-90;Top
R156;109,564285;-51,943;0;Top
R157;113,114285;-45,243;-90;Top
R158;114,514285;-51,943;180;Top
R159;75,264285;-107,358;90;Top
R160;61,564285;-85,958;180;Top
R161;103,614285;-44,958;-90;Top
R162;85,539285;-63,733;-90;Top
R163;85,539285;-65,633;90;Top
R167;105,064285;-115,158;-90;Top
R173;82,464285;-48,058;180;Top
R174;82,464285;-47,058;180;Top
R175;82,464285;-46,058;180;Top
R176;89,364285;-116,058;180;Top
R177;95,864285;-106,258;180;Top
R182;57,494285;-99,858;0;Top
SW1;45,139285;-45,458;0;Top
SW2;83,8;-56,1;0;Top
U1;98,764285;-82,758;90;Top
U2;106,864285;-106,158;0;Top
U3;81,964285;-68,558;-90;Top
U4;95,214285;-100,423;180;Top
U5;61,464285;-103,8205;180;Top
U6;44,864285;-115,758;180;Top
U7;57,264285;-94,558;0;Top
U8;27,964285;-99,758;180;Top
U10;60,564285;-115,558;180;Top
U11;95,464285;-122,658;90;Top
U12;71,564285;-101,773;0;Top
U13;85,064285;-112,958;90;Top
U14;82,319285;-103,143;90;Top
U15;87,194285;-103,143;90;Top
U16;71,364285;-109,758;0;Top
U17;90,426785;-48,658;0;Top
U18;78,364285;-70,358;-90;Top
U19;78,526785;-48,658;0;Top
U20;106,564285;-123,258;180;Top
U21;40,114285;-105,908;0;Top
U23;85,064285;-89,158;180;Top
U24;49,939285;-110,808;90;Top
U25;54,764285;-110,808;90;Top
U26;101,064285;-48,658;0;Top
U27;106,564285;-63,058;0;Top
U28;95,564285;-59,858;-90;Top
Y2;77,214285;-103,208;0;Top
Y3;91,464285;-110,858;0;Top
Y6;82,264285;-64,008;-90;Top
